﻿<?xml version="1.0" encoding="utf-8" standalone="yes" ?>
<Window size="346,433" sizebox="6,6,6,6" roundcorner="0,0" caption="0,0,0,0">
<Font name="宋体" size="16" bold="false" italic="false" default="true" />
    <VerticalLayout name="HorizontalLayoutUI" float="true" width="346" height="433" bkcolor="#FFFFFFFF" >
		<!-- 客户区 -->
		<VerticalLayout>
			<Label name="LabelGlobalTitle" text="修改密码" float="true" pos="35,10,0,0"  width="200" height="31" textcolor="#FF229BE9" font="2"/>
			<Label name="LabelLine"  float="true" pos="35,42,315,43" textcolor="#FF2E3033" bkimage="file='IMAGE_LINE' restype='PNG'" />
			
			<Label name="LabelOldPwd" text="原密码：" float="true" pos="65,148,117,166" textcolor="#FF7F7F7F" disabledtextcolor="#FFA7A6AA" />
			<Edit name="EditOldPwd" float="true" pos="123,145,303,168" tooltip="请输入你的原密码" bkcolor="#FFFFFFFF" bordercolor="#00868686"    focusbordercolor="#FF7881B5" nativebkcolor="#FFFFFFFF" textpadding="4,3,4,3" textcolor="#FF000000" disabledtextcolor="#FFA7A6AA" />
			
			<Label name="LabelNewPwd" text="新密码：" float="true" pos="65,178,117,198" textcolor="#FF7F7F7F" disabledtextcolor="#FFA7A6AA" />
			<Edit name="EditNewPwd" float="true" pos="123,175,303,198" tooltip="请输入你的新密码" bkcolor="#FFFFFFFF" bordercolor="#00868686"    focusbordercolor="#FF7881B5" nativebkcolor="#FFFFFFFF" textpadding="4,3,4,3" textcolor="#FF000000" disabledtextcolor="#FFA7A6AA" />
			
			<Label name="LabelConfirmPwd" text="确认密码：" float="true" pos="53,208,117,228" textcolor="#FF7F7F7F" disabledtextcolor="#FFA7A6AA" />
			<Edit name="EditConfirmPwd" float="true" pos="123,205,303,228" tooltip="请输入你的确认密码" bkcolor="#FFFFFFFF" bordercolor="#00868686"    focusbordercolor="#FF7881B5" nativebkcolor="#FFFFFFFF" textpadding="4,3,4,3" textcolor="#FF000000" disabledtextcolor="#FFA7A6AA" />
				
			<Button name="ButtonModify" float="true" pos="130,362,0,0" text="修改" textcolor="#FFFFFFFF" disabledtextcolor="#FFA7A6AA" align="center" statusimage="file='BT_BUTTON_ITEM' restype='PNG'" font="3"/>	
		</VerticalLayout>
    </VerticalLayout>
</Window>
