﻿<?xml version="1.0" encoding="utf-8" standalone="yes" ?>
<Window size="467,313" sizebox="6,6,6,6" roundcorner="0,0" caption="0,0,0,30">
<Font name="宋体" size="16" bold="false" italic="false" default="true" />
    <VerticalLayout name="HorizontalLayoutUI" float="true" width="467" height="313" bkcolor="#FFF1F5F9" >
        <HorizontalLayout height="30" bkcolor="#FF1495E7">
            <HorizontalLayout name="TitleLeft"  height="30">
				<!--<Label name="LabelIcon"  float="true" pos="5,0,0,0" width="28" height="30" bkimage="file='IMAGE_PLATGORM_ICON' restype='PNG'" textcolor="#FFFFFFFF" />	
                <Label name="LabelTitle" text="意见反馈" float="true" pos="35,0,0,0"  width="200" height="31" textcolor="#FFFFFFFF" font="2"/> -->
				<Button name="ButtonMin" float="true" pos="409,0,0,0" tooltip="最小化"  statusimage="file='BT_PLATFORM_MIN' restype='PNG'" textcolor="#FF000000" disabledtextcolor="#FFA7A6AA" align="center" />
				<Button name="ButtonClose" float="true" pos="439,0,0,0"  tooltip="关闭" statusimage="file='BT_PLATFORM_CLOSE' restype='PNG'" textcolor="#FF000000" disabledtextcolor="#FFA7A6AA" align="center" />
            </HorizontalLayout>                
        </HorizontalLayout>
		<!-- 客户区 -->
		<VerticalLayout>
			<Label name="LabelTitle" text="标题" float="true" pos="10,2,0,0"  width="200" height="31" textcolor="#FF1495E7" font="3"/>	
			<Edit name="EditTitle" float="true" pos="10,30,455,54" text="标题(1~35字符)" mouse="true" align="left"  bkcolor="#FFFFFFFF" bordercolor="#FFBFBFBF"    focusbordercolor="#FF7881B5" nativebkcolor="#FFFFFFFF" textpadding="4,3,4,3" textcolor="#FF98999D" disabledtextcolor="#FFA7A6AA" /> 
			<!--<RadioButton name="RadioButtonTitle" float="true"  textcolor="#FF636669" pos="12,42,100,60" textpadding="18,0,0,0" text=" 建议内容" normalimage="file='CHECK_NORMAL_BULEL' restype='PNG'"  checkedimage="file='CHECK_NORMAL_BULER' restype='PNG'" font="2"/>	-->
			<Label name="LabelTitle" text="内容" float="true" pos="10,55,0,0"  width="200" height="31" textcolor="#FF1495E7" font="3"/>		
			<Label name="LabelUI16" text="*" float="true" pos="80,205,88,225" textcolor="#00c90300" disabledtextcolor="#FFA7A6AA" />
			<Label name="LabelUI17" text="验 证 码：" float="true" pos="102,202,171,225" textcolor="#FF000000" disabledtextcolor="#FFA7A6AA" />
			<Edit name="EditValidateCode" float="true" pos="164,203,238,226" nativebkcolor="#FFFEFEFE" bkcolor="#FFFFFFFF" bordercolor="#006E6340" textpadding="4,3,4,3" textcolor="#FF000000" disabledtextcolor="#FFA7A6AA" />
			<!--<Text name="TextRefresh" text="{a}{f 2}看不清楚，换一张{/f}{/a}" float="true" showhtml="true" pos="330,198,447,228" textcolor="#FF000000" disabledtextcolor="#FFA7A6AA" />	-->	
			<Button name="ButtonRefresh" float="true" pos="330,206,0,0" align="center" statusimage="file='BT_PLATFORM_REFRESH' restype='PNG'" font="3"/>	
			<Button name="ButtonCommit" float="true" pos="185,238,0,0" text="提交" textcolor="#FFFFFFFF" disabledtextcolor="#FFA7A6AA" align="center" statusimage="file='BT_BUTTON_ITEM' restype='PNG'" font="3"/>
		</VerticalLayout>
    </VerticalLayout>
</Window>
